strategy,candidate_count,annualized_sharpe,annualized_expected_maximum_sharpe,return_skewness,return_kurtosis,deflated_sharpe_probability,role,candidate_set,assumption_warning
asset_class_equal_weight,27,0.667753504832681,0.6368116656298461,-1.038395877790445,19.459932731759373,0.5334245351948586,SECONDARY_MULTIPLE_TESTING_DIAGNOSTIC,all complete core experiment strategy specifications at the fixed 5 bp scenario,Candidate returns and specifications are correlated; the independent-trial approximation is imperfect.
box_diagonal_risk_08pct,27,0.30603068791062227,0.6368116656298461,-0.6203725713758586,18.356916057790485,0.18049046941412078,SECONDARY_MULTIPLE_TESTING_DIAGNOSTIC,all complete core experiment strategy specifications at the fixed 5 bp scenario,Candidate returns and specifications are correlated; the independent-trial approximation is imperfect.
box_diagonal_risk_10pct,27,0.19049800245760304,0.6368116656298461,-0.5513171372710113,21.808929668123028,0.10816450778518427,SECONDARY_MULTIPLE_TESTING_DIAGNOSTIC,all complete core experiment strategy specifications at the fixed 5 bp scenario,Candidate returns and specifications are correlated; the independent-trial approximation is imperfect.
box_diagonal_risk_12pct,27,0.11447918739159456,0.6368116656298461,-0.49377957299440306,24.581763163260792,0.07360606915505098,SECONDARY_MULTIPLE_TESTING_DIAGNOSTIC,all complete core experiment strategy specifications at the fixed 5 bp scenario,Candidate returns and specifications are correlated; the independent-trial approximation is imperfect.
box_diagonal_risk_14pct,27,0.06601229544960507,0.6368116656298461,-0.474540849895383,24.695303000164795,0.05644248227960495,SECONDARY_MULTIPLE_TESTING_DIAGNOSTIC,all complete core experiment strategy specifications at the fixed 5 bp scenario,Candidate returns and specifications are correlated; the independent-trial approximation is imperfect.
box_risk_06pct,27,0.3039067030921171,0.6368116656298461,-0.6355558274090553,16.984440485259753,0.17895988386151834,SECONDARY_MULTIPLE_TESTING_DIAGNOSTIC,all complete core experiment strategy specifications at the fixed 5 bp scenario,Candidate returns and specifications are correlated; the independent-trial approximation is imperfect.
box_risk_08pct,27,0.16821039069160476,0.6368116656298461,-0.5404609040465341,21.29022169016383,0.09701017332378276,SECONDARY_MULTIPLE_TESTING_DIAGNOSTIC,all complete core experiment strategy specifications at the fixed 5 bp scenario,Candidate returns and specifications are correlated; the independent-trial approximation is imperfect.
box_risk_10pct,27,0.07212131158649872,0.6368116656298461,-0.45996690800833895,24.54881251481536,0.05840733823342894,SECONDARY_MULTIPLE_TESTING_DIAGNOSTIC,all complete core experiment strategy specifications at the fixed 5 bp scenario,Candidate returns and specifications are correlated; the independent-trial approximation is imperfect.
box_risk_12pct,27,0.0519132184832176,0.6368116656298461,-0.5392511299126862,21.61066060186522,0.05211047603189003,SECONDARY_MULTIPLE_TESTING_DIAGNOSTIC,all complete core experiment strategy specifications at the fixed 5 bp scenario,Candidate returns and specifications are correlated; the independent-trial approximation is imperfect.
box_risk_14pct,27,0.015833375528413973,0.6368116656298461,-0.6296799575821785,19.93715735208326,0.042176397121620086,SECONDARY_MULTIPLE_TESTING_DIAGNOSTIC,all complete core experiment strategy specifications at the fixed 5 bp scenario,Candidate returns and specifications are correlated; the independent-trial approximation is imperfect.
ellipsoid_risk_06pct,27,0.7959534369687488,0.6368116656298461,-0.5535637754189958,12.762349674772857,0.6681779929339875,SECONDARY_MULTIPLE_TESTING_DIAGNOSTIC,all complete core experiment strategy specifications at the fixed 5 bp scenario,Candidate returns and specifications are correlated; the independent-trial approximation is imperfect.
ellipsoid_risk_08pct,27,0.7981928676061953,0.6368116656298461,-0.5575485918324649,12.856950999397856,0.6703668606940889,SECONDARY_MULTIPLE_TESTING_DIAGNOSTIC,all complete core experiment strategy specifications at the fixed 5 bp scenario,Candidate returns and specifications are correlated; the independent-trial approximation is imperfect.
ellipsoid_risk_10pct,27,0.7981928941474615,0.6368116656298461,-0.5575488103788617,12.856950288584938,0.6703668860215066,SECONDARY_MULTIPLE_TESTING_DIAGNOSTIC,all complete core experiment strategy specifications at the fixed 5 bp scenario,Candidate returns and specifications are correlated; the independent-trial approximation is imperfect.
ellipsoid_risk_12pct,27,0.7981929208100078,0.6368116656298461,-0.5575489712129753,12.856949729815138,0.6703669116845986,SECONDARY_MULTIPLE_TESTING_DIAGNOSTIC,all complete core experiment strategy specifications at the fixed 5 bp scenario,Candidate returns and specifications are correlated; the independent-trial approximation is imperfect.
ellipsoid_risk_14pct,27,0.7981928175372255,0.6368116656298461,-0.5575491330546156,12.856949623314863,0.6703668093524967,SECONDARY_MULTIPLE_TESTING_DIAGNOSTIC,all complete core experiment strategy specifications at the fixed 5 bp scenario,Candidate returns and specifications are correlated; the independent-trial approximation is imperfect.
etf_equal_weight,27,0.6844605536201381,0.6368116656298461,-0.9326142050678068,18.386364319528617,0.5514760713943268,SECONDARY_MULTIPLE_TESTING_DIAGNOSTIC,all complete core experiment strategy specifications at the fixed 5 bp scenario,Candidate returns and specifications are correlated; the independent-trial approximation is imperfect.
gmv_ewma,27,0.7032575705673416,0.6368116656298461,-1.5270966744633778,24.870248447650486,0.570567490211605,SECONDARY_MULTIPLE_TESTING_DIAGNOSTIC,all complete core experiment strategy specifications at the fixed 5 bp scenario,Candidate returns and specifications are correlated; the independent-trial approximation is imperfect.
gmv_iewma,27,0.5642360920804104,0.6368116656298461,-1.8559660823224473,30.919723813962797,0.4228612363176045,SECONDARY_MULTIPLE_TESTING_DIAGNOSTIC,all complete core experiment strategy specifications at the fixed 5 bp scenario,Candidate returns and specifications are correlated; the independent-trial approximation is imperfect.
gmv_ledoit_wolf,27,0.904900104423068,0.6368116656298461,-1.3609508646623691,23.262727255884865,0.7617948431931888,SECONDARY_MULTIPLE_TESTING_DIAGNOSTIC,all complete core experiment strategy specifications at the fixed 5 bp scenario,Candidate returns and specifications are correlated; the independent-trial approximation is imperfect.
gmv_sample,27,0.8977033942266495,0.6368116656298461,-1.4549681025662844,24.7906724724948,0.7552791989090268,SECONDARY_MULTIPLE_TESTING_DIAGNOSTIC,all complete core experiment strategy specifications at the fixed 5 bp scenario,Candidate returns and specifications are correlated; the independent-trial approximation is imperfect.
inverse_volatility_iewma,27,0.6455674338906279,0.6368116656298461,-1.2492641464842102,23.02192526115768,0.5094324352872971,SECONDARY_MULTIPLE_TESTING_DIAGNOSTIC,all complete core experiment strategy specifications at the fixed 5 bp scenario,Candidate returns and specifications are correlated; the independent-trial approximation is imperfect.
nominal_risk_06pct,27,0.22723432038625266,0.6368116656298461,-1.219281430795573,38.528361983870006,0.12968524853349095,SECONDARY_MULTIPLE_TESTING_DIAGNOSTIC,all complete core experiment strategy specifications at the fixed 5 bp scenario,Candidate returns and specifications are correlated; the independent-trial approximation is imperfect.
nominal_risk_08pct,27,0.18838631361079297,0.6368116656298461,-0.985106738369599,36.585943443664455,0.10771476290290904,SECONDARY_MULTIPLE_TESTING_DIAGNOSTIC,all complete core experiment strategy specifications at the fixed 5 bp scenario,Candidate returns and specifications are correlated; the independent-trial approximation is imperfect.
nominal_risk_10pct,27,0.16392236084381154,0.6368116656298461,-0.9681675241783428,38.12307772214421,0.09550144659925514,SECONDARY_MULTIPLE_TESTING_DIAGNOSTIC,all complete core experiment strategy specifications at the fixed 5 bp scenario,Candidate returns and specifications are correlated; the independent-trial approximation is imperfect.
nominal_risk_12pct,27,0.2220998853236509,0.6368116656298461,-0.8832851322767481,29.205275742267574,0.12606517344239704,SECONDARY_MULTIPLE_TESTING_DIAGNOSTIC,all complete core experiment strategy specifications at the fixed 5 bp scenario,Candidate returns and specifications are correlated; the independent-trial approximation is imperfect.
nominal_risk_14pct,27,0.2655675175451083,0.6368116656298461,-0.7216610604768756,22.57966564342277,0.15262570505138356,SECONDARY_MULTIPLE_TESTING_DIAGNOSTIC,all complete core experiment strategy specifications at the fixed 5 bp scenario,Candidate returns and specifications are correlated; the independent-trial approximation is imperfect.
risk_parity_iewma,27,0.7746015876632544,0.6368116656298461,-0.7618082901337794,15.324118378468363,0.6460340162594299,SECONDARY_MULTIPLE_TESTING_DIAGNOSTIC,all complete core experiment strategy specifications at the fixed 5 bp scenario,Candidate returns and specifications are correlated; the independent-trial approximation is imperfect.
