rebalance_date,ACWI,AGG,BIV,BND,BNO,BSV,CORN,CWB,DBA,DBC,DGRO,DIA,DVY,EEM,EEMV,EFA,EFAV,EMB,EPI,EWA,EWC,EWD,EWG,EWH,EWI,EWJ,EWK,EWL,EWN,EWO,EWP,EWQ,EWS,EWT,EWU,EWW,EWZ,EZA,FXI,GLD,GOVT,GSG,HDV,HYG,IAU,ICF,IEF,IEFA,IEI,IEMG,IGSB,IJH,IJR,INDA,ITOT,IUSG,IUSV,IVV,IWD,IWF,IWM,IWN,IWO,IYR,JNK,KBE,KRE,KWEB,LQD,MDY,MTUM,MUB,PDBC,PFF,QQQ,QUAL,REM,RPG,RPV,RSP,RWR,RWX,SCHA,SCHB,SCHD,SCHE,SCHH,SCHR,SCHX,SCHZ,SDY,SGOL,SHY,SIZE,SJNK,SLV,SMH,SOXX,SPLV,SPY,STIP,THD,TIP,TLH,TLT,TUR,UNG,USMV,USO,VB,VCIT,VCSH,VEA,VEU,VGIT,VGLT,VIG,VLUE,VNQ,VNQI,VO,VOO,VOOG,VOOV,VT,VTI,VTV,VUG,VV,VWO,VXUS,VYM,WEAT,XBI,XHB,XLB,XLE,XLF,XLI,XLK,XLP,XLU,XLV,XLY,XME,XOP,XRT
2017-04-03,1.094663567584205e-22,4.563730744155994e-22,4.463157114722303e-22,4.293413553502134e-22,0.0,4.41676154506915e-22,5.531250623020852e-22,2.0214934866266153e-22,1.1998762575832422e-22,1.4249581139565726e-22,3.3601399418528565e-22,2.938389905446438e-23,0.09999999999999992,7.328870916894768e-23,4.415986197011309e-22,2.3276063852116373e-22,2.0851527607639711e-22,3.0643109291269854e-22,0.0,0.0,7.52036068165382e-23,0.0,0.0,0.0,5.790561251679458e-23,1.5805899240352427e-22,0.0,2.2409504482460136e-22,5.944121881642403e-23,0.0,1.5579585096321793e-22,9.641872834756787e-23,2.7274000470248727e-22,4.6620909197458224e-23,2.5578050486249766e-22,0.0,1.6029808989683745e-24,0.0,0.0,4.622800466623008e-22,4.518538139312092e-22,3.6879818347958293e-22,0.02924009056009417,2.819125866815422e-22,4.5879636040382595e-22,4.131417335512904e-22,5.299434459978962e-22,1.8134741034311824e-22,3.865422103724534e-22,0.0,4.271693912697193e-22,0.0,6.008837239249058e-23,1.5838636806774146e-23,1.4931948880341523e-22,3.2748272876520723e-22,0.0,3.487975722834628e-22,1.0074282445622824e-22,2.9493278939527466e-22,4.518963210169967e-24,0.0,0.0,2.7239089118781594e-22,1.5974703470749864e-22,5.072769527119052e-23,0.09999999999999992,0.0707599094399066,4.281773169655311e-22,0.0,6.845163522878643e-24,4.0027556476392814e-22,2.419253713311674e-22,3.1916414525567574e-22,0.09999999999999992,3.3739967737945307e-22,2.9473041175535356e-22,4.107028811218141e-23,0.0,3.170283755803014e-22,3.9647785199802823e-22,2.7918633947925984e-22,0.0,0.0,3.1806685851818213e-22,0.0,2.296525890872271e-22,4.710105941828044e-22,1.9387139707956801e-22,3.9817800100270027e-22,0.09999999999999992,4.927664723857845e-22,4.0431834763784945e-22,1.9781180049128153e-22,6.413017023952699e-23,1.405142001323864e-22,0.09999999999999992,0.09999999999999992,0.0,0.0,4.520411048959778e-22,2.258095999622023e-22,4.470096093109253e-22,4.415872683471722e-22,5.1207729546000555e-22,0.0,1.180255687613426e-22,0.09999999999999992,0.0,1.655968696563754e-22,4.29199667577722e-22,4.585501319121136e-22,1.12676350165597e-22,8.262496933641415e-23,4.498925431415276e-22,4.991747537815807e-22,1.6199019469725443e-22,1.7578066472523455e-22,2.762021249772461e-22,1.4259202834810976e-22,1.8831860453370117e-22,1.0759445232444662e-23,1.1728453931192247e-22,2.2199542838258685e-22,2.6749696057091927e-22,1.542895840531853e-22,2.1403165968010394e-22,0.0,3.470374929457458e-22,0.0,2.4728999715211225e-23,0.0,1.5219446109144377e-22,0.0,2.5584301175623708e-23,5.290086880385122e-23,0.0,0.0,0.0,0.09999999999999992,2.8382703574153006e-22,0.09999999999999992,2.5977005180643826e-22,1.4640047398339647e-22,7.809274845639376e-23,6.83325813707751e-24,0.0
2017-07-03,0.0,0.0,9.201784139232021e-23,1.3532773243930603e-22,0.0,0.0,0.0,1.0608784743346458e-23,0.0,0.0,0.0,0.10000000000000002,0.10000000000000002,0.0,0.0,0.0,0.0,0.0,0.0,0.0,0.0,0.0,0.0,0.0,0.0,0.0,0.0,0.0,0.0,0.10000000000000002,0.0,0.0,0.0,0.0,0.0,0.0,0.0,0.0,5.303495742839818e-23,0.0,9.459021996868092e-23,0.0,0.0,0.0,1.0009466016522333e-22,6.66273908485311e-22,0.0,0.0,6.79481018161211e-23,0.0,0.0,0.0,0.0,0.0,0.0,0.0,0.0,1.8833390066760207e-22,0.0,2.425053187924453e-22,3.1643763427186565e-22,0.0,0.0,0.0,0.0,0.0,0.0,0.0,3.171842266477673e-23,9.476761869652637e-22,5.610967046268046e-22,4.0501088136232097e-23,0.0,0.0,0.0,0.0,0.10000000000000002,2.785537678475745e-22,3.1261363782232467e-22,0.0,1.8919564291730514e-22,1.5528529442122849e-23,5.805601097720407e-23,1.2411862156699868e-22,0.0,0.0,0.0,0.0,0.0,0.0,0.0,0.0,0.0,0.0,0.0,6.644649905815555e-24,0.10000000000000002,0.10000000000000002,0.10000000000000002,4.423313701258778e-22,0.0,0.0,0.0,0.0,0.035086505724341736,1.2709452053561212e-22,0.0,0.013519728004128739,0.0,0.0,3.137393327009105e-22,8.709991454988122e-23,0.0,0.0,8.087744090815516e-23,2.1042845745886618e-23,2.989278330388031e-22,5.823699278036414e-23,0.0,0.0,1.8832383363918976e-22,0.0,0.0,0.0,0.0,0.0,0.0,0.0,0.0,0.0,0.0,0.0,0.0,1.6750639336445394e-22,9.739540728930921e-23,0.0,0.0,2.8797235848281735e-22,0.10000000000000002,0.0,0.0,0.10000000000000002,1.2630621253829095e-22,0.0,0.05139376627152932,0.0,1.9704156203080727e-22
2017-10-02,6.02357087434048e-23,3.6443889643974697e-22,4.853759773371579e-22,4.250537741370154e-22,0.0,4.558816792882567e-22,7.143582447985559e-22,1.151281337224393e-22,3.991485710408358e-22,1.8604245891375766e-22,4.263812259610902e-22,0.07376588325045387,4.071270209716993e-22,5.766361501227546e-23,4.369740901139923e-22,1.694424873727773e-22,3.8301146575836866e-22,4.55948105524159e-22,1.259610397515973e-22,6.665071705427381e-22,6.717779659817574e-22,8.153365377792754e-23,6.027005105657722e-22,3.2875229286980263e-22,3.6942734370185304e-23,6.392116993851062e-22,3.2416878383701677e-22,2.3363735564039327e-22,2.738478156029839e-22,0.09999999999999987,2.830404950734464e-22,1.0538783789384697e-22,5.167337048084536e-22,4.454049061772235e-22,2.8161068336693797e-22,3.620808769309289e-22,0.09999999999999985,4.168580161806785e-23,5.445523464153125e-22,2.947363381784449e-22,4.919063062200808e-22,3.2844919982237543e-22,5.7525681758551195e-22,2.2903069580801433e-22,3.542105610881765e-22,2.3492008677335077e-23,5.326905216456517e-22,3.919299849150463e-23,5.386961319829619e-22,3.705412538371129e-22,4.398163983752662e-22,1.5042128793159797e-22,2.722074457812932e-24,1.349461836228136e-22,0.0,5.627664030335403e-22,2.6154191035664364e-22,2.065146957191847e-22,1.0108287461285547e-22,5.252529971319057e-22,2.0577284106315355e-22,8.027424560575203e-24,0.0,3.595795959476099e-22,4.6172363408445435e-22,0.0,7.412228108633246e-23,0.09999999999999984,3.9218560380821847e-22,1.91013564109635e-22,2.956297488308761e-22,4.724045619880352e-22,2.0042240900718686e-22,5.482158694699954e-22,2.909651654474764e-22,4.734787663534563e-22,0.09999999999999987,3.3936888332098012e-22,4.51266348420067e-22,4.298634930249002e-22,4.901989989143692e-22,4.33154256785434e-22,5.351829175067874e-22,3.895145661441829e-22,4.0011616335092144e-22,2.7704758693591347e-22,3.414597048251773e-22,4.453561110349381e-22,1.5611750900173646e-22,4.912032908348954e-22,5.953207025702e-22,4.763289044594227e-22,4.492173796369143e-22,2.67540785333293e-22,3.5361137871267614e-22,3.3847321119769704e-22,0.09999999999999987,0.09999999999999987,5.317220614961257e-22,4.922250527719617e-22,4.329935319550291e-22,0.09999999999999987,4.1403667463778875e-22,5.129946291968411e-22,5.304245360726851e-22,1.7098257444991712e-22,6.169556449188753e-24,2.28057522760003e-22,2.5007380514258356e-22,1.9573731018430012e-22,3.8764919602535403e-22,4.469566644582925e-22,1.4938494585436198e-22,4.292977331771805e-22,3.8402192285798074e-22,5.889447540884443e-22,1.5122822531637267e-22,4.866709807145067e-22,4.49218263902226e-22,4.186014935543035e-22,6.356872124086116e-23,1.0305470543974101e-22,2.4020343452549393e-22,1.5512155943165367e-22,6.30686603516745e-22,2.66636009037177e-22,1.3581983053391876e-22,9.980001191577162e-23,1.7070203603923114e-22,1.9432655887797613e-22,4.2338793595640704e-22,2.2704282628336767e-22,0.0,1.731545570377921e-22,1.5487176883236078e-22,0.026234116749547357,2.643813062436038e-22,1.6537587566869262e-22,0.09999999999999987,1.7606034419263877e-22,4.65001458634109e-22,4.545752815423632e-22,4.600320229645003e-22,4.1037057654697746e-22,0.09999999999999987,0.0,1.4982559718350144e-22
2018-01-02,1.662444126870622e-22,1.0244477503431873e-22,7.11761844788446e-23,4.6724212804053576e-23,0.10000000000000003,1.7541218991724013e-22,1.662727550788802e-22,1.9763970215708677e-22,1.081677551199345e-22,0.0,4.865009801109117e-22,0.10000000000000003,1.2063731712438237e-22,2.148858329561776e-22,1.121214244480385e-22,2.882798133168334e-22,2.42418666705275e-22,1.9219951487011204e-22,2.3054316853558835e-22,6.207917466624912e-23,2.9799583981502475e-22,2.154883348348708e-22,7.079684854839555e-23,3.0076313520808026e-22,9.055984998991103e-23,1.490776165194886e-22,0.0,2.9837521983463246e-22,1.6253099447979876e-22,0.10000000000000003,4.2537938768764e-22,3.453250270651824e-22,2.466072400400702e-22,2.6762199872218267e-22,1.6581653128803392e-22,9.796727900945541e-23,0.10000000000000003,0.022518060079660618,1.4935257553365846e-22,0.0,1.5128912792664652e-22,1.8489052262371938e-22,2.742027260061658e-22,2.774331175745772e-22,0.0,1.6460749318581504e-22,1.4439759135874364e-22,2.323339310812075e-22,1.6302719881213869e-22,2.7972264494288615e-22,1.7847185284038106e-22,4.450978044294922e-22,2.97844670082364e-22,2.904836928221414e-22,5.658749733232907e-22,2.2116843771699344e-22,6.520357469806429e-23,2.1697664984685774e-22,2.9520956229157776e-22,4.17409383477754e-22,5.91407833823761e-22,3.308357684373101e-22,0.0,1.7236920904721751e-22,4.183780539529855e-22,1.070050782783597e-22,6.79246136259477e-22,3.789429650513507e-22,9.768002904809229e-23,2.220385081952586e-22,4.712718697155725e-22,1.6320778487829527e-22,0.0,2.0979785152719304e-22,0.0,4.219012258441723e-22,0.0688345136796488,1.135748401525153e-22,6.361198688820784e-22,2.809409550987475e-22,1.465315542814889e-22,2.0570631701081048e-22,5.45880513091428e-22,2.174129798359696e-22,2.8734145312793335e-22,1.7632446369646635e-22,2.319772690354009e-22,1.5920851732527258e-22,3.1186249764599516e-22,1.878633329657605e-22,4.470015690502981e-22,2.400818652082543e-22,1.7816571435652547e-22,2.991607301133198e-22,1.658424094494066e-22,0.0,0.10000000000000003,0.10000000000000003,1.9802976812156853e-22,1.478879472864311e-22,1.7362907586882407e-22,0.10000000000000003,1.7997996937326544e-22,1.2735279117507818e-22,0.0,0.0,4.1081680513008083e-23,1.7045316957700754e-22,6.496690328895946e-23,4.836385678099721e-22,2.144634663007744e-22,1.1866605477674221e-22,4.229278622292916e-22,3.203000132379364e-22,1.6001559993440955e-22,1.9896859684011286e-22,2.1098282302586351e-22,1.2775807381267256e-22,2.2831635955547495e-22,1.8519237946871539e-22,2.6045167288019956e-22,4.236665546764637e-22,5.0594445757311676e-23,3.5548649991765883e-22,1.6626031577624406e-22,3.839072246617446e-23,1.2524689621877834e-22,2.2506032577878317e-22,3.486806662720606e-23,0.0,1.9316816267608884e-22,4.548696160507017e-22,1.4386624391787746e-22,1.5234094644411493e-22,3.439216589907969e-22,0.0,3.314106298301239e-22,0.10000000000000003,0.008647426240690287,2.4761201370308303e-22,2.100063348692463e-22,4.279184889638563e-22,3.1602901194454003e-22,2.330600063252111e-22,0.10000000000000003,0.0,2.3464115571924184e-22
2018-04-02,0.0,0.0,0.0,0.0,0.09999999999999999,0.0,0.0,0.0,0.0,0.09063085942709519,0.0,0.0,0.0,0.0,0.0,0.0,0.0,0.0,0.0,0.0,0.0,0.0,0.0,0.0,0.0,0.0,0.0,0.0,0.0,0.09999999999999999,0.0,0.0,0.0,0.0,0.0,0.0,0.09999999999999998,0.0,0.0,0.0,0.0,3.793373563028125e-21,0.0,0.0,0.0,0.0,0.0,0.0,0.0,0.0,0.0,0.0,0.0,0.0,0.0,0.0,0.0,0.0,0.0,0.0,0.0,0.0,0.0,0.0,0.0,0.0,0.09999999999999999,0.0,0.0,0.0,0.0,0.0,5.402345123555853e-22,0.0,0.0,0.0,0.09999999999999999,0.0,0.0,0.0,0.0,0.0,0.0,0.0,0.0,0.0,0.0,0.0,0.0,0.0,0.0,0.0,0.0,0.0,0.09999999999999999,0.0,0.009369140572905015,0.09999999999999996,0.0,0.0,0.0,0.09999999999999999,0.0,0.0,0.0,0.0,0.0,0.0,5.2019688163046206e-21,0.0,0.0,0.0,0.0,0.0,0.0,0.0,0.0,0.0,0.0,0.0,0.0,0.0,0.0,0.0,0.0,0.0,0.0,0.0,0.0,0.0,0.0,0.0,0.0,0.09999999999999999,0.0,0.0,0.0,0.0,0.0,0.0,0.0,0.0,0.0,0.0,0.0,7.546651096056865e-22,0.0
2018-07-02,0.0,0.0,0.0,0.0,0.09999999999999994,0.0,0.0,0.0,0.0,0.0,0.0,0.0,0.0,0.0,0.0,0.0,0.0,0.0,0.0,0.0,0.0,0.0,0.0,0.0,0.0,0.0,0.0,0.0,0.0,0.09999999999999994,0.0,0.0,0.0,0.0,0.0,0.0,0.0,0.0,0.0,0.0,0.0,0.0,0.0,0.0,0.0,0.0,0.0,0.0,0.0,0.0,0.0,0.0,0.08629053435740258,0.0,0.0,0.0,0.0,0.0,0.0,0.0,1.5731211920146045e-21,0.0,2.2926614766658654e-21,0.0,0.0,0.09999999999999994,0.09999999999999994,1.5399385989338567e-21,0.0,0.0,1.61593541425049e-21,0.0,0.0,0.0,0.013709465642598017,0.0,0.09999999999999994,1.498827848534846e-21,0.0,0.0,0.0,0.0,1.2287018822926577e-21,0.0,0.0,0.0,0.0,0.0,0.0,0.0,0.0,0.0,0.0,0.0,0.0,0.0,0.09999999999999994,0.09999999999999994,0.0,0.0,0.0,0.0,0.0,0.0,0.0,0.0,0.0,0.0,0.0,5.268052962418367e-22,0.0,0.0,0.0,0.0,0.0,0.0,0.0,0.0,0.0,0.0,0.0,0.0,0.0,0.0,0.0,0.0,0.0,0.0,0.0,0.0,0.0,0.0,0.0,0.09999999999999994,1.0735294863733927e-22,0.0,0.0,0.0,0.0,0.09999999999999994,0.0,0.0,0.0,0.0,6.690118159403115e-22,2.4637240857895927e-22,1.738040177177904e-21
2018-10-01,1.2580498536755978e-22,0.0,0.0,0.0,0.10000000000000005,0.0,0.0,0.0,0.0,0.0,0.0,0.10000000000000005,0.0,3.8373145683894284e-22,0.0,0.0,0.0,0.0,0.0,0.0,1.0154202372565752e-24,1.9588960624701515e-22,1.701517388413155e-22,4.722820684432086e-23,1.8194861970577018e-22,6.725326204360896e-23,2.195352755084304e-23,0.0,3.6103863765042616e-22,0.003668741621079741,4.257449795166568e-22,0.0,3.2116375322472644e-22,0.0,4.770625292751427e-23,1.0285212890863873e-22,5.379885246008423e-23,3.525018212394641e-22,2.8244569716179467e-22,0.0,0.0,2.327511488896307e-24,0.0,0.0,0.0,0.0,0.0,7.749484412275952e-23,0.0,2.6936319592832632e-22,0.0,0.0,0.0,0.0,0.0,0.030049827447289363,0.0,1.8112416303434911e-22,0.0,0.10000000000000005,0.0,0.0,0.0,0.0,0.0,3.8160992658942973e-22,0.10000000000000005,2.5368599718594403e-22,0.0,0.0,0.10000000000000005,0.0,0.0,0.0,0.10000000000000005,0.0,0.0,0.0,0.0,0.0,0.0,0.0,0.0,1.53448154327761e-22,0.0,4.1591546831064404e-22,0.0,0.0,0.0,0.0,0.0,0.0,0.0,0.0,0.0,1.4546383184514807e-23,0.004370488270651842,0.10000000000000005,0.0,4.6445943982496324e-23,0.0,2.6682451276047433e-22,0.0,0.0,0.0,1.243190151172678e-22,0.0,0.0,0.00850085035813321,1.6351003104232587e-23,0.0,0.0,0.0,2.2419740169256984e-22,0.0,0.0,0.0,0.0,0.0,0.0,0.0,4.7394353107430214e-23,6.724344751939388e-23,0.0,8.443836282190483e-23,0.0,0.0,0.0,4.937623889562142e-23,4.019288697944226e-23,3.780532526375842e-22,0.0,0.0,1.0489607419102139e-21,0.0,0.0,1.7486738165009535e-22,0.05341009230284546,0.0,0.10000000000000005,0.0,0.0,0.0,0.10000000000000005,0.0,1.285978396285965e-22,0.0
2019-01-02,0.0,6.624758162696127e-22,4.40161995753247e-22,1.791354680628692e-23,0.0,1.3326896265235174e-22,0.0,1.3625292749827768e-22,0.0,0.0,0.0,1.5216642958796404e-22,0.0,0.0,0.0,0.0,0.0,0.0,0.0,0.0,0.0,0.0,0.0,0.10000000000000009,0.0,0.0,0.0,0.0,0.0,0.0,0.0,0.0,0.0,0.0,0.0,0.0,0.04548383258208826,0.0,0.0,0.10000000000000009,0.0,0.0,0.0,0.0,0.10000000000000009,3.611203192036138e-22,4.69089984643001e-22,0.0,1.9195553368499397e-22,0.0,0.0,0.0,0.0,0.03481986000975566,0.0,2.0145679510470429e-22,0.0,0.0,0.0,2.6113665438558544e-22,0.0,0.0,0.0,3.449048484251316e-22,0.0,0.0,0.0,0.0,0.0,0.0,0.05334109958667563,0.05117963727045342,0.0,0.0,6.769955635615909e-23,0.0,0.0337284551168869,1.1462457843789936e-22,0.0,0.0,2.2748910259705583e-22,0.0,0.0,0.0,0.0,0.0,3.6203792928866484e-22,0.0,0.0,2.1006089297786748e-22,0.0,0.10000000000000009,0.0,0.0,0.0,0.0,0.0,8.779584707883636e-23,3.148475535302133e-22,0.0,0.0,0.027454100686878258,0.0,9.459427541979905e-22,0.10000000000000009,8.627999572994854e-23,0.0,4.428919220166153e-22,0.0,0.0,0.0,0.0,0.0,0.0,6.730820722269311e-23,0.10000000000000009,1.896196552441098e-24,0.0,4.1545402653861766e-22,0.0,5.70852561328416e-23,0.0,2.2869332850628955e-22,0.0,0.0,0.0,0.0,1.0541987829477968e-22,0.0,0.0,0.0,0.0,0.0,0.0,0.0,0.0,0.0,0.0,0.0,2.0982527711544288e-22,0.0,0.10000000000000009,0.0539930147472613,0.0,0.0,0.0,0.0
2019-04-01,5.91753318165908e-22,0.0,0.0,0.0,0.10000000000000009,0.0,0.0,0.0,7.427199784505813e-23,0.0,3.262750672006823e-22,0.012484321002436594,9.495873502601157e-23,0.0,0.0,1.059340550993097e-22,0.0,0.0,0.0,2.6440254703559146e-22,4.301847532111828e-22,7.985589604211789e-23,2.728215780650927e-22,0.10000000000000009,0.0,4.7292612304403065e-22,1.706394619513597e-22,0.0,2.209077459012441e-22,1.7283627248346403e-22,1.526853636918896e-22,6.555904044093832e-23,0.0,2.802265267901093e-22,1.198690222345319e-22,0.0,0.0,2.340346660756939e-25,0.0,0.0,0.0,0.0,1.9285683265932727e-22,0.0,0.0,5.024787225502838e-24,6.852961156855126e-23,2.485631543530466e-22,0.0,0.0,0.0,0.0,2.4046838217045004e-22,0.0,0.0,0.0,5.614384391313299e-22,8.136369703962997e-23,3.524406181174466e-22,0.0,2.936865193458116e-22,6.828406578003137e-22,0.0,5.290948507871952e-22,0.0,5.583731958686618e-22,5.094907375180436e-22,0.0,0.0,5.583815760765416e-22,0.10000000000000009,1.4933984880514137e-23,0.0,0.0,0.02275771421781546,0.0,0.0,6.349782365008281e-23,8.090827485436254e-22,6.439083311727178e-22,6.47174703803258e-22,0.0,2.4812094673298277e-22,3.627903943192111e-23,5.672838819127374e-22,0.0,3.7924978732302863e-22,0.0,1.3626977569654851e-22,0.0,1.6687209812944863e-22,0.0,0.0,7.788882142771813e-22,0.0,0.0,0.0,0.004833880893549586,0.10000000000000009,4.6511488302578105e-23,0.0,0.0,0.0,0.017069424166388156,0.10000000000000009,0.0,0.0,0.10000000000000009,0.0,1.4166580804890694e-24,0.0,0.0,3.306988022343668e-22,5.429172132979399e-23,0.0,0.10000000000000009,2.3594243254679686e-22,1.8060853566359274e-22,3.861227773623413e-22,0.0,2.017864451251875e-22,7.091205004927166e-23,0.0,4.60106833906241e-22,5.490141769988914e-22,0.0,2.2485196700958354e-22,2.409010106400766e-22,0.0,9.518492866251862e-24,8.72529066327968e-23,2.701608711757559e-22,0.0,0.0,8.125967312115731e-22,5.653075333880557e-22,2.0276318814875184e-22,6.173081119495669e-22,4.95329555973146e-22,0.10000000000000009,3.697538830408393e-22,0.10000000000000009,0.0,0.04285465971980927,2.0208132698068885e-22,0.0,3.98914546848953e-22
2019-07-01,0.0,0.0,0.0,0.0,0.10000000000000005,0.0,0.0,0.0,0.0,0.0,0.0,0.0,0.0,0.0,0.0,0.0,0.0,0.0,0.0,0.0,0.0,0.0,0.0,0.0,0.0,0.0,0.0,0.0,0.0,0.0,0.0,0.0,0.0,0.0,0.0,0.0,0.08967155006196979,0.0,0.0,0.0,0.0,0.0,0.0,0.0,0.0,0.0,0.0,0.0,0.0,0.0,0.0,0.0,0.0,0.0,0.0,0.0,0.0,0.0,0.0,0.0,0.0,0.0,0.0,0.0,0.0,0.0,0.0,0.0,0.0,0.0,0.10000000000000005,0.0,0.0,0.0,0.0,0.0,0.0,0.0,0.0,0.0,0.0,0.0,0.0,0.0,0.0,0.0,0.0,0.0,0.0,0.0,0.0,0.0,0.0,0.0,0.0,0.0,0.0,0.0,0.10000000000000005,0.0,0.0,0.07237435208642169,0.0,0.0,0.03795409785160811,0.0,0.0,0.10000000000000005,0.0,0.0,0.0,0.0,0.0,0.0,0.0,0.10000000000000005,0.0,0.0,0.0,0.0,0.0,0.0,0.0,0.0,0.0,0.0,0.0,0.0,0.0,0.0,0.0,0.0,0.0,0.0,0.0,0.0,0.0,0.0,0.0,0.10000000000000005,0.0,0.10000000000000005,0.0,0.10000000000000005,0.0,0.0,0.0
2019-10-01,1.104477687699212e-21,5.007981243841596e-25,0.0,0.0,0.01037249251889385,0.0,0.0,7.526198578712864e-22,0.0,0.0,0.0,0.0,0.0,7.099984691294588e-22,5.152506123393986e-22,9.241601063699706e-22,1.0724723307078727e-22,0.0,1.078528642225161e-22,8.103016999662151e-22,9.67802512100976e-22,4.127414249333879e-22,9.846452560019623e-22,3.406561979316526e-22,4.129898668889828e-22,9.41460742505276e-22,5.233945360017164e-22,6.727535913702954e-22,1.260321444037595e-21,2.8476480005325762e-22,4.7314547647189027e-23,7.788678877483674e-22,7.946229369935791e-22,5.024499611026874e-22,8.815362539459295e-22,4.944206356744621e-22,1.134131209947366e-22,1.2614902910367507e-22,5.66914825422507e-22,0.0,6.082984684683975e-23,1.557180883904932e-23,1.0423001016793099e-22,0.0,0.0,0.08427806560651309,2.405783700896662e-22,8.20538526497547e-22,0.0,6.16329749106308e-22,0.0,1.141948572076334e-21,7.805984049677285e-22,2.079619523396614e-23,3.160870720626768e-22,0.0,1.179210715413495e-21,0.0,1.2121890798052813e-21,1.0532484930745467e-22,8.327976440650762e-22,8.26563374676345e-22,9.303072146735501e-22,0.0,0.0,5.979703663221838e-22,5.131513402260542e-22,2.6480845247766018e-22,0.0,1.1546377398824844e-21,3.2961148802758704e-22,1.3220772284458879e-23,0.0,0.0,0.0,0.0,3.146716677021914e-23,1.5964194595811917e-22,1.1466852986819535e-21,2.9411994040840796e-22,0.0,0.0,9.511722100858561e-22,9.572299933747538e-23,0.0,6.330250036099165e-22,0.0,0.0,3.5290249802726956e-22,0.0,1.1244781174915902e-22,0.0,0.0,0.0,0.0,0.0,0.0,0.07577855350722965,0.10000000000000009,4.203126672812693e-23,0.0,0.0,0.0,0.06617711755662946,0.10000000000000009,0.0,0.0,0.10000000000000009,4.489409670189692e-24,1.2481742740469677e-21,0.0,0.0,8.436757462692802e-22,8.449357739853854e-22,0.0,0.10000000000000009,0.0633937708107333,1.0914475373725248e-21,0.0,6.301412320086939e-22,2.218479444689437e-22,3.967819030100422e-22,2.804384587131333e-23,1.1312357839681426e-21,1.176153916875194e-21,2.4168098287632393e-22,0.0,0.0,0.0,8.205611750031791e-22,9.842910439943851e-22,0.0,0.0,4.315073159388889e-22,9.355182673372356e-22,1.2434021711799893e-21,4.222431666945411e-22,7.092251932198841e-22,1.1041919061946064e-21,0.10000000000000009,2.778708431102939e-23,0.10000000000000009,2.0354438986328463e-22,0.10000000000000009,2.8089081715878845e-22,0.0,5.593274541712476e-22
2020-01-02,0.0,0.0,0.0,0.0,0.0,0.0,0.0,0.0,0.0,0.0,0.0,0.0,0.0,0.0,0.0,0.0,0.0,0.0,0.0,0.0,0.0,0.0,0.0,0.0,0.0,0.0,0.0,0.0,0.0,0.0,0.0,0.0,0.0,0.0,0.0,0.0,0.03557226720620493,0.0,0.0,0.0,0.0,0.0,0.0,0.0,0.0071324722051830285,0.0,0.0,0.0,0.0,0.0,0.0,0.0,0.0,0.0,0.0,0.0,0.0,0.0,0.0,0.10000000000000005,0.0,0.0,0.0,0.0,0.0,0.0,0.0,0.0,0.0,0.0,0.0,0.0,0.0,0.0,0.10000000000000005,0.0,0.0,0.0,0.0,0.0,0.0,0.0,0.0,0.0,0.0,0.0,0.0,0.0,0.0,0.0,0.0,0.10000000000000005,0.0,0.0,0.0,1.521631666583268e-20,0.10000000000000005,0.10000000000000005,0.10000000000000005,0.0,0.0,0.0,0.0,0.0,3.1183036843037646e-21,0.0,0.0,0.10000000000000005,0.0,0.0,0.0,0.0,0.0,0.0,0.0,0.057295260588611674,0.0,0.0,0.0,0.0,0.0,0.0,0.0,0.0,0.0,0.0,0.0,0.0,0.0,0.0,0.0,0.0,0.0,0.0,0.0,0.0,0.0,0.0,0.0,0.10000000000000005,0.0,0.10000000000000005,0.0,0.0,0.0,0.0,0.0
2020-04-01,1.2885635600313966e-22,0.0,0.0,0.0,0.0,0.10000000000000002,0.0,2.1568952092935945e-22,0.0,0.0,5.656627223752341e-23,3.5658653577306355e-23,3.87961897599446e-23,1.0944279794191742e-22,8.40771742195371e-23,6.566078308928121e-23,6.310963247528509e-23,0.0,0.0,3.086773551264758e-23,0.0,5.591932816175503e-23,4.2387894821261914e-23,9.047966122800196e-23,6.708588868493737e-23,2.24452282456126e-22,1.0473477699895359e-22,0.0,6.708391875586479e-23,0.0,3.2249411800779163e-23,3.186456373675675e-23,0.0,1.636454523670561e-22,0.0,6.723504364631155e-24,1.441634602627055e-23,0.0,1.5621878600526112e-22,0.0,0.10000000000000002,0.0,3.5626590770812856e-23,1.9097600252638812e-22,0.035286845838888733,0.0,0.10000000000000002,5.862975108451132e-23,0.10000000000000002,8.97072367484895e-23,0.0,8.080523916311792e-23,8.197407899952305e-23,0.0,1.040809785628322e-22,9.534200395987208e-23,4.8480942627154465e-23,1.0401511071638282e-22,5.420049277945717e-23,1.1174295423283288e-22,8.894855066984162e-23,7.800934847765826e-23,1.256659726189671e-22,0.0,1.7940109917140636e-22,2.130172930546835e-23,3.2797763635090476e-23,3.2212294770278854e-22,0.0,8.73780997291201e-23,5.43134969269549e-24,0.0,0.0,0.0,0.04249803592390582,7.913171350705868e-23,2.1654535186694052e-23,1.0229612442568003e-22,2.4985930588331395e-24,6.354439541717587e-23,0.0,0.0,9.95260414030679e-23,1.0901757330859204e-22,7.94762393012948e-23,7.751376551771185e-23,0.0,0.10000000000000002,9.271354580844472e-23,2.349466698913355e-23,5.2047359884946646e-23,0.0,0.10000000000000002,5.634348834070155e-23,2.0694930502336547e-22,0.0,2.0866403328618162e-23,0.013359052829413158,0.0,8.46595454571213e-23,0.038651521360068275,0.0,0.0,0.10000000000000002,1.211945228394826e-22,0.0,0.0,0.0,0.0,7.911294389642164e-23,0.0,0.0,4.1874593571035903e-23,7.653237444332229e-23,0.10000000000000002,0.0,1.9947505909973764e-23,8.407496529356997e-23,0.0,4.667435448057418e-23,6.245407506991967e-23,1.2365208910250387e-22,1.0271899440246738e-22,3.9046389151945536e-23,1.0491748977597306e-22,1.3294881189261854e-22,7.253495898529579e-23,8.134487274846953e-23,9.729323082319423e-23,1.1590891729849943e-22,6.807779419183151e-23,4.226591097085176e-23,0.01554017377381559,1.7575255748666675e-22,0.0,1.4169337675987053e-23,0.0,1.5532586384097426e-23,0.0,0.03721646268878375,0.0,0.0,0.017447907585124486,1.929116157423104e-22,6.206454861337772e-23,0.0,9.820132182489933e-23
2020-07-01,0.0,6.596483259145739e-22,6.923445366654949e-22,5.179346375767243e-22,0.0,0.0,0.0,0.0,0.0,0.0,0.0,0.0,0.0,0.0,0.0,0.0,0.0,0.0,0.0,0.0,0.0,0.0,0.0,0.0,0.0,0.0,0.0,0.0,0.0,0.0,0.0,0.0,0.0,0.0,0.0,0.0,0.0,0.0,0.0,0.09999999999999999,1.8047418871786653e-21,0.0,0.0,0.0,0.1,0.0,0.1,0.0,2.2764230645159707e-22,0.0,0.0,0.0,0.0,0.0,0.0,0.0,0.0,0.0,0.0,0.0,0.0,0.0,0.0,0.0,0.0,0.0,0.0,0.0,0.0,0.0,0.0,0.0,0.0,0.0,0.0,0.0,0.0,0.0,0.0,0.0,0.0,0.0,0.0,0.0,0.0,0.0,0.0,0.08777250571085765,0.0,2.25832554702368e-22,0.0,0.1,7.547770001674901e-22,0.0,0.0,0.0,0.012227494289142455,0.09999999999999995,0.0,0.0,0.0,0.0,0.0,0.1,0.09999999999999998,0.0,0.0,0.0,0.0,0.0,0.0,0.0,0.0,0.0,1.2479350320637175e-22,0.1,0.0,0.0,0.0,0.0,0.0,0.0,0.0,0.0,0.0,0.0,0.0,0.0,0.0,0.0,0.0,0.0,0.0,0.0,0.0,0.0,0.0,0.0,0.0,0.09999999999999999,0.0,0.0,0.0,0.0,0.0,0.0,0.0
2020-10-01,0.0,7.448219474021546e-22,0.04440895473937569,4.633340007957219e-22,0.0,0.0,0.0,3.9249284398146573e-22,0.0,0.0,0.0,0.0,0.0,0.0,0.0,0.0,0.0,0.0,0.0,0.0,0.0,0.0,0.0,0.0,0.0,0.0,0.0,0.0,0.0,0.0,0.0,0.0,0.0,0.0,0.0,0.0,0.0,0.0,0.0,0.1,2.219559719923263e-21,0.0,0.0,0.0,0.1,0.0,0.1,0.0,6.625935194257775e-22,0.0,0.0,0.0,0.0,0.0,0.0,0.0,0.0,0.0,0.0,4.9247221694064174e-23,0.0,0.0,0.0,0.0,0.0,0.0,0.0,0.0,0.0,0.0,4.1467547662675136e-22,2.0462798510711795e-22,0.0,0.0,1.9665251890208998e-22,0.0,0.0,0.0,0.0,0.0,0.0,0.0,0.0,0.0,0.0,0.0,0.0,1.309349204607385e-21,0.0,3.5793691010117616e-22,0.0,0.09999999999999999,9.143753108407052e-23,0.0,0.0,1.739728975938917e-22,0.09999999999999999,0.09999999999999999,0.0,0.0,0.0,0.0,2.5044911161395944e-22,0.1,0.1,0.0,0.0,0.0,0.0,0.0,0.0,0.0,0.0,0.0,1.072023337789415e-21,0.1,0.0,0.0,0.0,0.0,0.0,0.0,0.0,0.0,0.0,0.0,0.0,2.326428258046775e-22,0.0,0.0,0.0,0.0,0.0,0.0,0.008040562965716803,0.0,0.0,0.0,0.0,0.047550482294907576,0.0,0.0,0.0,0.0,0.0,0.0,0.0
2021-01-04,0.0,0.0,0.0,0.0,0.0,0.0,0.0,0.09999999999999996,0.0,0.0,0.0,0.0,0.0,0.0,0.0,0.0,0.0,0.0,0.0,0.0,0.0,0.0,0.0,0.0,0.0,0.0,0.0,0.0,0.0,0.0,0.0,0.0,0.0,0.09999999999999996,0.0,0.0,0.0,0.0,0.0,6.26770704777139e-22,0.0,0.0,0.0,0.0,1.8532395637631764e-22,0.0,0.0,0.0,0.0,0.0,0.0,0.0,0.0,0.0,0.0,0.0,0.0,0.0,0.0,0.0,0.0,0.0,0.0,0.0,0.0,0.0,0.0,0.0,0.0,0.0,0.0,0.0,0.0,0.0,0.09999999999999996,0.0,0.0,0.0,0.0,0.0,0.0,0.0,0.0,0.0,0.0,0.0,0.0,0.0,0.0,0.0,0.0,0.04572915812600898,0.0,0.0,0.0,1.2168308943000848e-21,0.09999999999999996,0.09999999999999996,0.0,0.0,0.0,0.0,0.0,0.0,0.09999999999999996,0.0,0.0,0.0,0.0,0.0,0.0,0.0,0.0,0.0,0.0,0.09999999999999996,0.0,0.0,0.0,0.0,0.0,0.0,0.0,0.0,0.0,0.0,0.0,0.06803541453441564,0.0,0.0,0.0,0.0,0.0,0.018542179583819172,0.06769324775575644,0.0,0.0,0.0,0.0,0.09999999999999996,0.0,0.0,0.0,0.0,0.0,0.0,0.0
2021-04-01,1.314700694891755e-22,0.0,0.0,0.0,0.0,0.0,0.0,2.571473988851835e-23,0.0,0.0,1.4268356512999097e-22,0.0,5.254004254566711e-23,2.8934523672665314e-22,0.0,0.0,0.0,0.0,0.0,0.0,0.0,0.10000000000000009,0.0,0.0,0.0,0.0,1.5674564375463602e-22,0.0,0.0,0.0,0.0,0.0,0.0,0.10000000000000009,1.1498926816762947e-22,1.6697329070031434e-22,1.2483082320535105e-22,2.4898970040841237e-22,1.576239422586503e-22,0.0,0.0,0.0,0.0,0.0,0.0,0.0,0.0,0.0,0.0,1.7654632934003062e-22,0.0,0.0,0.0,0.0,1.527088094488778e-22,0.0,8.124822079207805e-23,0.0,0.0,3.7995774310391e-22,2.0379461954980198e-22,2.1130895750381333e-22,2.5186578577578516e-22,0.0,0.0,7.93068644091225e-23,1.669790257513473e-22,1.416314504017355e-22,0.0,0.0,3.0525516646214834e-22,0.0,0.0,0.0,0.08095892248706202,0.0,6.101942962095732e-23,4.463489756523516e-22,0.0,3.4258352213560403e-22,0.0,0.0,2.5307967880550897e-22,6.195607750439255e-22,0.10000000000000009,6.879066355519093e-23,0.0,0.0,0.0,0.0,0.0,0.020517717493389518,0.0,0.0,0.0,0.09721443235694277,3.0869067041124004e-22,2.9514421029374893e-22,0.0,3.309633030059306e-22,0.0,0.0,0.0,0.0,0.10000000000000009,9.586680811479889e-23,0.0,0.0,0.0,2.7702660994720053e-22,0.0,0.0,0.0,1.0917253549481333e-22,0.0,0.10000000000000009,0.0,0.0,0.0,0.0,2.6070979474164936e-22,3.873908877582163e-22,5.856442660359928e-22,5.904351795043737e-22,1.269805148949149e-22,6.0966050382958e-22,0.0,4.996852393259557e-23,3.925336682400578e-22,6.397470193244355e-23,0.0,0.0,0.0,2.0546986354706255e-22,0.10000000000000009,4.4240535321698725e-22,1.1858734655586583e-22,0.016187172769505903,1.4678437946492222e-22,0.10000000000000009,0.0,0.0,0.0,5.134957641921008e-22,1.7282542500625437e-22,7.816138033137195e-23,0.08512175489309916
2021-07-01,0.0,0.0,0.0,0.0,0.0,0.0,0.0,0.10000000000000006,0.0,0.0,4.20991771788801e-22,5.811750592448839e-22,6.811180215651151e-22,0.0,0.0,0.0,0.0,0.0,0.0,1.5007981464948323e-22,1.2899670144611168e-22,1.4411424102187272e-22,2.3268055811256492e-23,0.0,8.076365278050245e-23,4.684189749979582e-23,0.0,0.0,7.609810321738754e-22,0.0,0.0,0.0,0.0,9.224439885309479e-23,0.0,0.0,0.0,5.75129307844141e-23,0.0,0.0,0.0,0.0,6.991015527845432e-23,0.0,0.0,0.0,0.0,1.55983328670569e-23,0.0,0.0,0.0,4.596295456468642e-22,4.239512664212057e-22,0.0,1.6198448595123973e-22,0.0,3.1851583063351323e-22,1.2137705207283526e-22,3.3626370605102233e-22,0.021819839620253873,2.8397910456135343e-22,1.001132700047369e-21,3.1150910395823084e-22,0.0,0.0,5.136746785222502e-22,4.812603637962189e-22,0.0,0.0,2.2610637855619185e-22,7.920891361131752e-23,0.0,0.0,0.0,0.10000000000000006,2.5417389412754224e-22,2.838591874155485e-22,0.0,1.0284648448774208e-21,1.0985571441324684e-22,1.3353764111623934e-22,0.0,0.0,1.9347686330158676e-22,0.0781801603797456,0.0,4.7817485960935825e-23,0.0,0.0,0.0,4.475458633063855e-22,0.0,0.0,4.006940282122252e-23,0.0,0.10000000000000006,0.10000000000000006,0.10000000000000006,0.0,1.2426955274165065e-22,0.0,0.0,0.0,0.0,0.0,0.0,0.0,0.0,0.0,2.547651111761118e-22,0.0,0.0,0.0,0.0,0.0,0.0,0.0,5.262604377368102e-22,3.153557240789296e-22,0.0,0.0,0.0,0.0,1.353279555449531e-22,0.0,0.0,1.5701833221416772e-22,0.10000000000000006,2.4053423891183787e-22,1.3870620725241608e-22,0.0,6.978064498859202e-22,0.0,0.0,0.10000000000000006,0.0,2.729309367352658e-22,9.886401593349064e-22,7.6080791745692265e-22,0.10000000000000006,4.581722919747128e-22,2.226725995643968e-24,0.0,1.986295946851983e-22,2.5977178062204013e-22,1.2900898399534502e-22,0.10000000000000006
2021-10-01,0.0,0.0,0.0,2.876182876688251e-23,0.0,0.0,0.0,0.10000000000000023,0.0,0.0,0.0,7.213817547591004e-23,0.0,1.1050361532716941e-23,2.11603416611669e-22,6.882016457988789e-23,5.103159010172068e-22,0.0,0.10000000000000023,0.0,0.0,0.0,0.0,4.424258568960637e-22,1.2108578014112515e-22,0.0,5.204834455961e-22,0.0,5.36407041349701e-22,0.0,6.155864025582612e-22,1.6381546549709832e-22,6.742028139423138e-22,0.018073391628041363,5.009453894124967e-22,8.449614091668163e-24,2.791353776002302e-22,4.625294033904675e-22,4.88178763003914e-22,0.0,0.0,0.0,1.8758529315422259e-22,0.0,0.0,0.0,0.0,0.0,0.0,0.0,0.0,1.2881061399034356e-22,2.5793991400598247e-22,2.539438354786359e-23,0.0,3.7387562889534046e-22,0.0,2.7754506948407765e-22,0.0,0.10000000000000023,3.5978360870821897e-22,5.749087612302573e-23,3.6946483304988434e-22,1.123024706019111e-22,0.0,0.0,0.0,1.5853398090015774e-22,1.4639533322339703e-23,2.956048875004268e-22,7.851771739935608e-23,0.0,0.0,0.0,0.10000000000000023,2.1146535804615733e-22,1.2573493896114147e-22,2.890434398590041e-22,0.0,0.0,1.3757008818050656e-22,6.829667456218366e-22,0.0,0.0,0.0,2.156969159047733e-22,6.188803999366828e-22,0.0,3.625270344013369e-22,0.0,0.0,0.0,0.0,0.0,0.0,0.0,0.10000000000000023,0.10000000000000023,1.8615801290235902e-22,6.909076217441689e-23,0.0,4.335710728641326e-22,0.0,0.0,1.3905932032933673e-22,2.3625326977671327e-22,0.0,1.7133928901958927e-22,0.0,1.4387371296232154e-22,0.0,0.0,0.0,3.3722797488241175e-22,0.0,1.3957640304189135e-22,0.0,2.548647915122147e-23,0.0,5.571948560830939e-22,0.0,0.0,5.8973196963820625e-22,0.0,0.0,5.555660054918381e-22,0.0,0.10000000000000023,1.9398469107951308e-22,0.0,2.1509691482069063e-22,0.0,0.0,1.3597209302539406e-22,0.04944862845739896,1.0962329287786903e-22,1.7028782919861533e-22,2.928726087631893e-22,0.0,0.10000000000000023,3.027989877380894e-23,3.216004016255742e-22,0.03247797991455761,0.0,0.0,0.0,0.10000000000000023
2022-01-03,0.0,0.0,0.0,0.0,0.0,0.0,0.10000000000000002,0.0,0.0,0.0,0.0,0.0,0.0,0.0,0.0,0.0,0.0,0.0,0.10000000000000002,0.0,0.0,0.0,0.0,0.0,0.0,0.0,0.0,0.0,0.0,0.0,0.0,0.0,0.0,0.10000000000000002,0.0,0.0,0.0,0.0,0.0,0.0,0.0,0.0,0.0,0.0,0.0,0.0,0.0,0.0,0.0,0.0,0.0,0.0,0.0,0.0,0.0,0.0,0.0,0.0,0.0,0.0,0.0,0.0,0.0,0.0,0.0,0.0,0.0,0.0,0.0,0.0,0.0,0.0,0.0,0.0,0.10000000000000002,0.0,0.0,1.8656598952096988e-22,0.0,0.0,0.0,0.0,0.0,0.0,0.10000000000000002,0.0,0.0,0.0,0.0,0.0,0.0,0.0,0.0,0.0,0.0,0.0,0.0004337526385797261,0.1,0.0,0.0,0.0,0.0,0.0,0.0,0.018412508255383216,0.0,0.0,0.0,0.0,0.0,0.0,0.0,0.0,0.0,0.0,2.5799086362369535e-22,0.0,0.0,0.0,0.0,0.0,0.0,0.0,0.0,0.0,0.0,0.0,0.0,0.0,0.0,0.0,0.0,0.0,0.0,0.10000000000000002,0.0,0.0,0.0,0.0,0.08647593788244887,0.0,0.0,0.09467780122358807,0.0,0.0,0.0,0.10000000000000002
2022-04-01,0.0,0.0,0.0,0.0,0.016668603120998556,0.0,0.10000000000000009,0.0,0.0,0.0,0.0,0.0,0.0,2.0740645008338132e-22,0.0,0.0,0.0,0.0,0.10000000000000009,0.0,0.0,0.0,1.4926763795208396e-22,0.0,3.115919455226463e-22,0.0,0.0,0.0,0.0,5.923407316365151e-23,3.415687510172132e-23,0.0,0.0,0.0,0.0,0.06912426819462827,1.120077072817679e-22,0.0,3.6849527866607564e-23,0.0,0.0,1.43476823455167e-23,0.0,0.0,0.0,0.0,0.0,0.0,0.0,0.0,0.0,0.0,0.0,0.026021314367478135,0.0,0.0,1.088776245307988e-22,0.0,0.0,0.0,1.1010842356465373e-22,0.0,0.0,0.0,0.0,4.512796584056122e-23,0.0,2.2825287632225358e-23,0.0,0.0,0.0,0.0,0.0,0.0,4.786057059180217e-23,0.0,0.10000000000000009,0.0,0.10000000000000009,0.0,0.0,0.0,0.0,0.0,0.0,4.14686255410929e-23,3.228749756255406e-23,0.0,0.0,0.0,0.0,0.0,0.0,0.0,0.0,0.07825798556026702,0.0,0.0,1.660903851108684e-22,1.3105954296229994e-22,0.0,0.0,0.0,0.0,0.0,5.356437451410723e-23,0.017674916731406032,0.0,9.760184460270843e-23,0.0,0.0,0.0,0.0,0.0,0.0,0.0,3.008534928491753e-22,0.0,0.0,0.0,0.0,0.0,0.0,0.0,0.0,0.0,1.423029651753193e-23,0.0,0.0,1.593485226937341e-22,0.0,0.0,0.0,1.5547094039825194e-22,0.0,0.0,0.10000000000000009,0.0,0.0,0.0,0.0,0.007116605303165597,0.0,0.0,0.10000000000000009,0.10000000000000009,0.08513630672205576
2022-07-01,0.0,2.6165259817062254e-21,2.7816258359718577e-21,2.728402184487882e-21,0.09999999999999994,2.353432662672946e-21,0.09999999999999992,0.0,0.06160561611854062,0.09999999999999994,0.0,0.0,0.0,0.0,0.0,0.0,0.0,7.442618158623512e-22,0.09999999999999994,0.0,0.0,0.0,0.0,0.0,0.0,0.0,0.0,0.0,0.0,0.0,0.0,0.0,0.0,0.0,0.0,0.0936050340700281,0.0,0.0,0.0,3.206053746206146e-21,3.741601819714538e-21,5.936417628222445e-23,0.0,3.0596291372760367e-22,3.253827145089583e-21,0.0,4.118391613814265e-21,0.0,3.096055173426321e-21,0.0,2.798875109969892e-21,0.0,0.0,0.09999999999999992,0.0,0.0,0.0,0.0,0.0,0.0,0.0,0.0,0.0,0.0,4.349375263781156e-22,0.0,0.09999999999999994,0.0,2.155259358930764e-21,0.0,0.0,2.8049787979275452e-21,0.0336405172847266,0.0,0.0,0.0,0.0,0.0,0.0,0.0,0.0,0.0,0.0,0.0,0.0,0.0,0.0,3.641930931240331e-21,0.0,2.8122297408920474e-21,0.0,3.170447111704865e-21,2.5633822254338106e-21,0.0,8.758067874145403e-22,9.69148122961113e-22,0.0,0.0,0.0,0.0,2.3188950000315608e-21,0.0,2.6656856516363775e-21,4.674352537865832e-21,3.534402601625267e-21,0.0,0.015214536593006098,0.0,0.09067627877444136,0.0,1.4547190908424695e-21,2.7900419479682605e-21,0.0,0.0,3.579097670145921e-21,3.820391068265523e-21,0.0,0.0,0.0,0.0,0.0,0.0,0.0,0.0,0.0,0.0,0.0,0.0,0.0,0.0,0.0,0.0,0.02667925484378938,0.0,0.0,0.0,0.0,0.0,0.0,0.0,0.0,0.07044610980271483,0.008132652512753408,0.0,0.0,0.0,0.0
2022-10-03,0.0,0.0,0.0,0.0,0.1,0.0,0.09999999999999998,0.0,0.1,0.0,0.0,0.0,0.0,0.0,0.0,0.0,0.0,0.0,0.09999999999999999,0.0,0.0,0.0,0.0,0.0,0.0,0.0,0.0,0.0,0.0,0.0,0.0,0.0,0.0,0.0,0.0,0.0,0.0,0.0,0.0,0.0,0.0,0.0,0.0,0.0,0.0,0.0,0.0,0.0,1.1668173583028896e-23,0.0,0.0,0.0,0.0,0.09999999999999999,0.0,0.0,0.0,0.0,0.0,0.0,0.0,0.0,0.0,0.0,0.0,0.1,0.09999999999999999,0.0,0.0,0.0,0.0,0.0,0.0,0.0,0.0,0.0,0.0,0.0,0.0,0.0,0.0,0.0,0.0,0.0,0.0,0.0,0.0,2.979546761778476e-22,0.0,0.0,0.0,0.0,1.9153992972748461e-22,0.0,0.0,0.0,0.0,0.0,0.0,0.0,0.007862027689047094,0.0,0.0,0.0,0.0,0.0,0.06442606997229262,0.0,0.02854047943501006,0.0,0.0,0.0,0.0,0.0,0.0,0.0,0.0,0.0,0.0,0.0,0.0,0.0,0.0,0.0,0.0,0.0,0.0,0.0,0.0,0.0,0.0,0.0,0.061057318801105445,0.0,0.0,0.0,0.09999999999999998,0.0,0.0,0.0,0.0,0.0,0.03811410410254482,0.0,0.0,0.0,0.0
2023-01-03,0.0,0.0,0.0,0.0,0.09999999999999994,1.1079251962229482e-22,0.09999999999999994,0.0,0.09999999999999994,0.0999999999999999,0.0,0.0,0.0,0.0,0.0,0.0,0.0,0.0,0.0692435578324223,0.0,0.0,0.0,0.0,0.0,0.0,0.0,0.0,0.0,0.0,0.0,0.0,0.0,0.0,0.0,0.0,0.0,0.0,0.0,0.0,0.0,0.0,0.0,0.0,0.0,0.0,0.0,0.0,0.0,0.0,0.0,0.0,0.0,0.0,9.377117629699442e-23,0.0,0.0,0.0,0.0,0.0,0.0,0.0,0.0,0.0,0.0,0.0,0.0,0.0,0.0,0.0,0.0,0.0,0.0,0.09999999999999992,0.0,0.0,0.0,0.0,0.0,0.0,0.0,0.0,0.0,0.0,0.0,0.0,0.0,0.0,0.0,0.0,0.0,0.0,0.0,0.0,0.0,0.0,0.0,0.0,0.0,0.0,0.0,2.1121354393235974e-22,0.0,0.0,0.0,0.0,0.09999999999999991,0.022245816437590025,0.0,0.039857277292449665,0.0,0.0,1.8945453730424476e-23,0.0,0.0,0.0,0.0,0.0,0.0,0.0,0.0,0.0,0.0,0.0,0.0,0.0,0.0,0.0,0.0,0.0,0.0,0.0,0.0,0.039149245361787724,0.0,0.0,0.0,0.09999999999999992,0.0,0.0,0.0,0.025824549884860604,0.0,0.09999999999999994,0.0,0.0,0.003679553190890211,0.0
2023-04-03,0.0,0.0,0.0,0.0,0.08994348084982019,0.0,0.10000000000000002,0.0,0.10000000000000002,0.10000000000000002,0.0,0.0,0.0,0.0,0.0,0.0,0.0,0.0,0.0,0.0,0.0,0.0,0.0,0.0,0.0,0.0,0.0,0.0,0.0,0.0,0.0,0.0,0.0,0.0,0.0,0.10000000000000002,0.0,0.0,0.0,0.0,0.0,0.0,0.0,0.0,0.0,0.0,0.0,0.0,0.0,0.0,0.0,0.0,0.0,0.0,0.0,0.0,0.0,0.0,0.0,0.0,0.0,0.0,0.0,0.0,0.0,0.0,0.0,0.0,0.0,0.0,0.0,0.0,0.1,0.0,0.0,0.0,0.0,0.0,0.0,0.0,0.0,0.0,0.0,0.0,0.0,0.0,0.0,0.0,0.0,0.0,0.0,0.05458335597976306,0.0,0.0,0.0,2.2460579114571777e-20,0.0,0.0,0.0,0.0,0.0,0.0,0.0,0.0,0.0,0.1,0.0,0.0,3.817827559953976e-22,0.0,0.0,0.0,0.0,0.0,0.0,0.0,0.0,0.0,0.0,0.0,0.0,0.0,0.0,0.0,0.0,0.0,0.0,0.0,0.0,0.0,0.0,0.0,0.05547316317041665,0.0,0.0,0.0,0.10000000000000002,0.0,0.0,0.0,0.10000000000000002,0.0,0.0,0.0,0.0,0.0,0.0
2023-07-03,0.0,0.0,0.0,0.0,0.037509392465368156,0.0,0.0,0.0,0.1,0.0,0.0,0.0,0.0,0.0,0.0,0.0,0.0,0.0,0.05321780360568817,0.0,0.0,0.0,0.0,0.0,0.0,0.0,0.0,0.0,0.0,0.0,0.0,0.0,0.0,0.0,0.0,0.1,0.0,0.0,0.0,0.009272803928943672,0.0,0.0,0.0,0.0,0.1,0.0,0.0,0.0,0.0,0.0,0.0,0.0,0.0,0.0,0.0,0.0,0.0,0.0,0.0,0.0,0.0,0.0,0.0,0.0,0.0,0.0,0.0,0.0,0.0,0.0,0.0,0.0,0.0,0.0,0.0,0.0,0.0,0.0,0.0,0.0,0.0,0.0,0.0,0.0,0.0,0.0,0.0,0.0,0.0,0.0,0.0,0.1,0.0,0.0,0.0,0.0,0.0,0.0,0.0,0.0,0.0,0.0,0.0,0.0,0.0,0.1,0.0,0.0,2.121120583044051e-22,0.0,0.0,0.0,0.0,0.0,0.0,0.0,0.0,0.0,0.0,0.0,0.0,0.0,0.0,0.0,0.0,0.0,0.0,0.0,0.0,0.0,0.0,0.0,0.0,0.0,0.0,0.0,0.1,0.0,0.0,0.1,0.1,0.0,0.0,0.0,0.0,0.1,0.0
2023-10-02,0.0,0.0,0.0,0.0,0.10000000000000007,3.821389244219566e-23,3.1364939451456453e-22,0.0,2.2872408785023165e-22,0.10000000000000007,0.0,0.0,0.0,0.0,0.0,0.0,0.0,0.0,1.5408638403039312e-22,0.0,2.9826610370598373e-23,0.0,0.0,0.0,0.0,1.7920577432750423e-22,0.0,0.0,0.0,0.0,0.0,0.0,0.0,0.0,2.3764138127267774e-23,0.10000000000000007,0.02423350962049421,0.0,0.0,3.737290597124257e-22,0.0,0.10000000000000007,0.0,0.0,2.8787674515008205e-22,0.0,0.0,0.0,4.543898343797244e-24,0.0,5.383044724890235e-23,0.0,0.0,0.0,0.0,0.0,0.0,0.0,0.0,0.0,0.0,0.0,0.0,0.0,0.0,0.0,0.0,0.0,0.0,0.0,0.0,1.3691752587670977e-22,0.06001908722054345,0.0,0.0,0.0,0.0,0.0,0.0,0.0,0.0,0.0,0.0,0.0,0.0,0.0,0.0,1.501889349331336e-22,0.0,0.0,0.0,0.052338783764933956,1.2322275741463356e-22,0.0,3.400651555539636e-23,7.282195158439506e-22,0.06340861939402789,2.6669848380891595e-22,0.0,0.0,1.875579797359287e-22,0.0,6.075192369971938e-23,0.0,0.0,0.10000000000000007,0.0,0.0,0.10000000000000007,0.0,0.0,0.0,0.0,0.0,1.0545298662960262e-23,0.0,0.0,0.0,0.0,0.0,0.0,0.0,0.0,0.0,0.0,0.0,0.0,7.402613897782063e-23,0.0,0.0,0.0,0.0,2.1134604805775904e-22,0.0,0.0,0.0,0.10000000000000007,0.0,0.0,9.144693705320737e-23,0.0,0.0,0.0,0.0,0.0,0.10000000000000007,0.0
2024-01-02,0.0,0.0,0.0,0.0,0.07439374899436883,0.0,2.487080186852799e-22,0.0,0.04692165707681391,3.0715395842100007e-22,0.0,0.0,0.0,0.0,0.0,0.0,0.0,0.0,0.06375046185236609,0.0,0.0,0.0,0.0,0.0,0.0,0.0,0.0,0.0,0.0,0.0,0.06928986212436372,0.0,0.0,0.0,0.0,0.1,0.1,0.0,0.0,9.190134485928667e-23,0.0,4.663833317896502e-22,0.0,0.0,0.04564426995208751,0.0,0.0,0.0,0.0,0.0,0.0,0.0,0.0,0.0,0.0,0.0,0.0,0.0,0.0,0.0,0.0,0.0,0.0,0.0,0.0,0.0,0.0,0.0,0.0,0.0,0.0,0.0,1.8111676476172619e-22,0.0,0.0,0.0,0.0,0.0,0.0,0.0,0.0,0.0,0.0,0.0,0.0,0.0,0.0,0.0,0.0,0.0,0.0,0.1,0.0,0.0,0.0,3.6241723009665675e-22,0.0,0.0,0.0,0.0,0.0,0.0,0.0,0.0,0.0,0.1,0.0,0.0,2.6999941333752824e-22,0.0,0.0,0.0,0.0,0.0,0.0,0.0,0.0,0.0,0.0,0.0,0.0,0.0,0.0,0.0,0.0,0.0,0.0,0.0,0.0,0.0,0.0,0.0,5.187830696421367e-24,0.0,0.0,0.0,0.1,0.0,0.0,0.1,0.0,0.0,0.0,0.0,0.0,0.09999999999999999,0.0
2024-04-01,0.0,0.0,0.0,0.0,0.0,0.0,0.0,0.0,0.09999999999999999,0.0,0.0,0.0,0.0,0.0,0.0,0.0,0.0,0.0,0.062465741514604024,0.0,0.0,0.0,0.0,0.0,0.09999999999999999,0.0,0.0,0.0,0.0,0.0,0.09999999999999999,0.0,0.0,0.0,0.0,0.09999999999999996,0.0,0.0,0.0,0.0,0.0,0.0,0.0,0.0,0.0,0.0,0.0,0.0,0.0,0.0,0.0,0.0,0.0,0.0,0.0,0.0,0.0,0.0,0.0,0.0,0.0,0.0,0.0,0.0,0.0,0.0,0.0,0.0,0.0,0.0,0.0,0.0,0.0,0.0,0.0,0.0,0.0,0.0,0.0,0.0,0.0,0.0,0.0,0.0,0.0,0.0,0.0,0.0,0.0,0.0,0.0,0.0,0.0,0.0,0.0,0.0,0.09999999999999999,0.0,0.0,0.0,0.0,0.0,0.0,0.0,0.0,0.09999999999999999,1.3135945223992494e-21,0.0,1.1052803597593227e-21,0.0,0.0,0.0,0.0,0.0,0.0,0.0,0.0,0.0,0.0,0.0,0.0,0.0,0.0,0.0,0.0,0.0,0.0,0.0,0.0,0.0,0.0,0.0,0.0,0.0,0.09999999999999995,0.0,0.09999999999999999,0.0,0.0,0.09999999999999996,0.0,0.0,0.0,0.0,0.0,0.037534258485396245,0.0
2024-07-01,8.613281684510625e-22,1.3103942579939403e-21,1.3085514237530067e-21,1.3221804724688324e-21,1.1274625494066876e-21,1.3244792886307743e-21,1.443488389117061e-21,9.133188580259986e-22,1.2347814042638725e-21,1.0473158565834597e-21,8.521782965461256e-22,8.940993144844993e-22,1.1340486341602565e-21,7.667600357171109e-22,1.0709605651370926e-21,4.2335920087209697e-22,8.924176177052316e-22,1.0555168211176824e-21,0.06406354088969735,7.812179534266125e-22,8.632673918695867e-22,1.95849991716952e-22,3.1020469557792315e-22,8.485297041346844e-22,0.10000000000000009,7.764943334109956e-22,9.894245550778634e-22,8.792547628920178e-22,1.6708753300765892e-22,3.4785143082702435e-22,2.724364140826819e-22,7.730112207268138e-22,6.395921492534075e-22,1.3991478622141045e-22,6.835846070190941e-22,2.1793402341833774e-22,8.621658767606039e-22,1.8551514839655266e-22,4.362681252413171e-22,7.4860420119986e-22,1.3326015308902243e-21,1.1612239024078845e-21,8.98558664232567e-22,1.0754967291711818e-21,8.767863866375028e-22,8.952013555680314e-22,1.3193478667444844e-21,6.24247452449904e-22,1.3349700250420533e-21,6.7230978518301755e-22,1.3430612383961093e-21,6.521096547710601e-22,5.626558543465856e-22,3.2308056898298606e-22,8.161821877641749e-22,1.0610733102441807e-21,6.862053192616217e-22,1.1244368276030168e-21,7.6766438821619455e-22,0.10000000000000009,5.280202924248144e-22,4.565375039294095e-22,3.008162681408687e-22,8.749261163934926e-22,1.1876587947516037e-21,5.816473478267611e-22,3.8366294843952823e-22,2.6299571367460915e-22,1.2199243006593832e-21,4.255389393986792e-22,7.892773741916665e-22,1.3165594013361168e-21,1.1024505419906388e-21,1.1361824264011197e-21,0.10000000000000009,0.08672065861533516,6.5768934831581155e-22,8.565398830988618e-22,7.742368260782373e-22,7.038765858944566e-22,9.017317241035408e-22,5.6096354239767295e-22,4.0819075889703155e-22,8.862791101390456e-22,9.416080391311886e-22,8.763561998749089e-22,9.777772198503731e-22,1.3229671755760104e-21,1.1601550221633204e-21,1.26432232172882e-21,1.1644711114106374e-21,5.367743457723779e-22,1.3622737309630597e-21,8.3431976117144245e-22,1.067396859903717e-21,5.7692735806908814e-24,0.10000000000000009,0.04921580049496682,1.3075122559606007e-21,8.392182148101616e-22,1.2948554939027888e-21,7.6936600145609955e-22,1.368840527856414e-21,1.2507726608067623e-21,9.742777327950187e-22,0.10000000000000009,1.6165055050368377e-22,9.857680888616083e-22,1.031369414384097e-21,4.851589604017453e-22,1.1243008752267886e-21,1.2609227366324892e-21,5.40586271121651e-22,8.454055780483e-22,1.3265535824097011e-21,1.4209720105157821e-21,1.0247794894834823e-21,7.555906013499925e-22,9.000539793833635e-22,8.912256142199481e-22,8.019564736733894e-22,1.1086415865414064e-21,1.1231149021255246e-21,9.221284575533853e-22,6.788033306120657e-22,7.746524274837026e-22,1.096729831641966e-21,0.10000000000000009,8.89694248889992e-22,6.238131073457151e-22,6.926469247721044e-22,8.572815000288859e-22,7.116590875265352e-22,3.7100480298112816e-22,0.10000000000000009,8.631689888672313e-22,0.10000000000000009,6.60005519118764e-22,7.886614109416565e-22,6.909199470795134e-22,1.3125099918272135e-21,1.3558750970896153e-21,1.0744041833028393e-21,9.974984738683676e-22,0.0,5.306710239478737e-22,6.2323109813585405e-22
2024-10-01,3.1643021736465653e-22,4.808268253954363e-22,2.8619608681529153e-22,4.279099270982284e-22,4.3537585505618487e-23,3.988507138485112e-22,3.735679391427053e-23,4.888804102368469e-22,4.0211358787441595e-22,3.807238918712026e-22,6.399305387684644e-22,6.054992096409446e-22,4.870017707164647e-22,1.3082941528670765e-22,2.340784565701747e-22,0.0,8.980039175456019e-22,7.671894912295253e-22,0.09999999999999994,7.501152431651585e-23,2.140194709995019e-22,1.644089914153636e-22,0.07747998392369189,2.4062252574823804e-24,0.09999999999999994,3.0936438134393706e-22,2.8427898287936425e-22,4.63707327163765e-22,4.4722921844968526e-23,0.0,0.09999999999999994,3.636641151162588e-22,5.077622939286174e-22,0.0,2.898310438638232e-22,1.948751180955373e-23,1.9379029514824039e-22,0.0,0.0,0.0,2.7339179075761957e-22,1.7227506389848672e-22,2.4449574866068568e-22,5.343304855229106e-22,0.07632878417038105,3.0270448970198384e-22,4.883819021556409e-22,0.0,3.9308238188059455e-22,0.0,5.008563716293061e-22,7.284064724626007e-22,1.75593533607269e-22,1.4139145581116916e-22,4.383124837531346e-22,2.1567199057428186e-22,3.128558221816282e-22,4.832671187194154e-22,4.0248495969656637e-22,2.650304245582822e-22,1.538680725445583e-22,1.69899116641009e-22,2.1298975092207443e-22,2.4388123179638983e-22,4.851971572416789e-22,3.3166631740773643e-22,1.9808024692362005e-23,0.0,3.6224332541470817e-22,3.981802044945868e-22,3.330203181817792e-22,2.8832225934293765e-22,2.8408919545794973e-22,5.535972769567558e-22,7.673558529148066e-22,0.09999999999999994,1.1883511659271992e-22,1.4081213707165873e-22,2.967366809953099e-22,4.783603580379413e-22,6.822441685353874e-22,2.764491246213231e-22,2.768992342712862e-22,8.29670729584519e-22,2.627268248235212e-22,5.730941588728031e-23,4.289580421818363e-22,3.334765393172453e-22,1.096368726376397e-22,3.721571199797064e-22,0.0,0.09999999999999994,3.4865237098844043e-22,1.5906197542508242e-22,3.5573136140085918e-22,0.0,0.07515329611300414,7.880830790905753e-23,4.472546046897834e-22,6.926926299154073e-22,4.497949318627798e-22,2.5008806886500407e-23,4.217839557713548e-22,3.5962382642985275e-22,2.8768840131446416e-22,0.09999999999999992,0.0,2.9573273459431946e-24,1.2549771075548991e-22,1.8466217429213835e-22,2.1967038475566943e-22,3.9379118524378256e-22,3.4066502503385982e-22,0.0,3.887355868396098e-22,2.958450058091368e-22,9.991482412475007e-23,9.97194210167147e-24,6.4895272798998345e-22,1.4736961351318447e-22,5.482313561007087e-22,4.822884974590289e-22,3.2248683774542025e-22,0.07103793579292352,5.583639724332128e-22,1.624105402798481e-22,4.722156803961852e-22,6.171224564644455e-22,0.0,2.216457744932453e-22,3.197104681869884e-22,5.406780294191778e-22,3.245883310662301e-22,5.359404770005027e-22,0.09999999999999994,4.130582662743208e-22,4.535011630558392e-22,3.3844154195449333e-22,7.169838741852102e-22,3.6476363473096543e-22,2.9832805827459966e-22,4.511739485043708e-22,3.7301439467591014e-22,3.2046715874292985e-22,0.0,2.631139279562319e-22,1.2642921579111571e-22
2025-01-02,2.579609194166834e-22,0.0,0.0,0.0,0.0,0.0,0.0,0.0,0.10000000000000005,0.0,0.0,0.0,0.0,2.1058113109051678e-22,0.0,0.0,2.752637728350744e-23,0.0,0.024136646594247448,5.708592810381819e-24,0.0,2.54903211000628e-22,2.9801099704199866e-22,0.0,0.058336906355615684,3.1362114685628943e-22,4.185102021676764e-23,0.0,2.8051134080245923e-22,2.0286925415301455e-22,3.643098497312764e-22,1.9566600168979656e-22,3.330836531653983e-23,2.6272712231960896e-22,0.0,0.0,1.1650067432188667e-23,1.4881547085508156e-22,1.3764310286415647e-22,0.0,0.0,0.0,0.0,0.0,0.07175172708866863,0.0,0.0,2.6933978750083074e-22,0.0,9.328289739055405e-23,0.0,0.0,0.0,1.8824952754373504e-22,0.0,0.0,0.0,0.0,0.0,0.10000000000000005,0.0,0.0,0.0,0.0,0.0,0.0,0.0,1.0047363699211305e-22,0.0,0.0,0.0,0.0,0.0,0.0,0.10000000000000005,0.015694833113730693,0.0,0.0,0.0,0.0,0.0,0.0,0.0,0.0,0.0,2.6428892005285495e-22,0.0,0.0,0.0,0.0,0.0,0.10000000000000005,0.0,0.0,0.0,6.833592415482894e-23,0.10000000000000005,2.5570568115672035e-22,0.0,0.0,0.0,0.0,0.0,0.0,0.0,0.0,0.0,0.0,0.0,0.0,0.0,0.0,0.0,1.325018090002155e-22,0.0,0.0,0.0,0.0,0.0,0.0,0.0,2.28886712818527e-22,0.0,0.0,2.1095482372498366e-22,0.0,0.0,0.10000000000000005,0.0,1.3900944978937e-22,2.982467480045015e-22,0.0,0.0,0.0,0.10000000000000005,0.0,0.0,0.022822317622694283,0.0,0.10000000000000005,0.0,0.0,0.0,0.007257569225042934,0.0,0.0,0.0
2025-04-01,3.1740681489059876e-22,0.0,0.0,0.0,0.0,0.0,0.0,2.4991399801246496e-22,0.10000000000000005,0.0,4.323959370985457e-22,3.314883147366287e-22,2.8179861670792163e-22,0.0,0.0,2.8426640201625543e-22,1.3768044395245273e-22,0.0,0.06401087687948374,2.4846824115305085e-22,3.3114736840794437e-22,1.0525222824468049e-22,9.819854065436939e-23,1.996895232491355e-22,0.10000000000000005,3.5871030119265405e-22,1.8091882651097819e-22,3.577099244429773e-22,7.734381255897359e-23,0.0,0.06751318187176834,1.2492562431523518e-22,9.05184608920503e-22,0.0,9.497221815764039e-23,1.2149502908507905e-22,1.2395408008819398e-22,1.462828340546744e-22,0.0,0.10000000000000005,0.0,0.0,0.03982261163101742,0.0,0.10000000000000005,3.592515017444584e-23,0.0,6.366358312750215e-23,0.0,4.5040697006144696e-23,0.0,6.298352239367999e-23,2.3680265464154526e-22,0.0,2.755132500575072e-22,3.1038673675068947e-22,1.9653295132743154e-22,2.663442752737304e-22,2.913301149508717e-22,2.562328147139428e-22,1.8010011710715065e-22,1.6085943004235428e-22,1.9696748316289362e-22,0.0,0.0,0.08810578939602226,8.378936010947053e-23,0.0,0.0,2.061227917129741e-22,1.9613179448502583e-22,0.0,2.325067996802986e-22,0.0,2.586768525831618e-22,5.326533310872218e-22,4.9304062063749365e-23,1.867059466788021e-22,5.999172540298447e-22,7.788320594252631e-22,4.199608132606417e-22,0.0,9.919760052251095e-23,4.24502693091379e-22,6.06926584680918e-23,1.4979420388232165e-22,4.727928579170745e-22,0.0,4.28053814746866e-23,0.0,2.157923406952841e-22,0.10000000000000005,0.0,4.7801760674121526e-23,0.0,0.014783475973725035,0.05329098195291583,0.0,7.586767057982883e-22,7.949388938561212e-22,0.0,2.7310531876778536e-23,0.0,0.0,0.0,4.7297541305799446e-23,0.0,0.05077828969752907,0.008797591352125449,4.2650311753691355e-22,0.0,0.0,1.170678321045621e-22,0.0,0.0,0.0,3.384491262758593e-22,0.0,3.6051756251785857e-22,0.0,7.961502331636454e-23,5.84025506010505e-23,3.4778898484932374e-22,0.0,0.0,3.944094960693541e-23,5.276773426897514e-22,3.5523674416827945e-22,5.585116890861652e-22,1.9949833965360444e-22,2.1274894223511613e-22,5.589936793273074e-22,0.0,1.7623970437146813e-22,0.012897201245412706,1.9179225663183618e-22,0.0,0.10000000000000005,1.0488741662700615e-21,1.5696681638353984e-22,7.953258757099056e-23,0.0,3.121058232370193e-22,0.0,2.802280233510242e-22,0.0,1.2378831660037415e-22
2025-07-01,0.0,0.0,0.0,9.250146095547613e-23,0.0,4.463769886805013e-22,3.6899072354009207e-22,0.0,0.10000000000000007,0.0,0.0,0.0,0.0,1.0408657193561251e-22,0.0,0.0,1.9433372272261297e-22,0.0,0.0,0.0,0.0,8.079911497775583e-23,1.1131552664480846e-22,0.0,0.014740082205516269,0.0,0.0,0.0,0.0,0.10000000000000007,0.10000000000000007,2.973417716914988e-22,0.0,1.5843987894429317e-22,0.0,3.198813975333327e-22,0.0,0.0,0.0,0.10000000000000007,3.5376919886940667e-22,0.0,0.0,0.0,0.10000000000000007,0.0,7.001078938629454e-22,0.0,7.867497696071119e-22,0.0,0.0,0.0,0.0,0.0,0.0,0.0,0.0,0.0,0.0,0.0,0.0,0.0,0.0,0.0,0.0,0.10000000000000007,0.0,0.0,0.0,0.0,0.10000000000000007,2.8569227988768936e-22,0.0,0.0,0.0,0.0,0.0,0.0,0.0,0.0,0.0,0.0,0.0,0.0,0.0,0.0,0.0,7.962672308159737e-22,0.0,5.788097575295532e-23,0.0,0.10000000000000007,9.627752938584177e-22,0.0,0.0,0.007829013324688681,0.031861710864967786,0.0,0.0,0.0,0.045569193604826606,0.0,9.304129629277827e-23,0.0,0.0,0.0,0.0,0.0,0.0,0.0,0.0,1.9530721683084975e-22,0.0,0.0,6.8261478150541525e-22,0.0,0.0,0.0,0.0,0.0,0.0,0.0,0.0,0.0,0.0,0.0,0.0,0.0,0.0,0.0,0.0,0.0,1.2453126432306198e-21,0.0,0.0,0.0,0.0,0.10000000000000007,0.0,0.0,0.0,0.0,0.0,0.0,0.0,0.0,0.0
2025-10-01,0.0,0.0,0.0,0.0,0.0,0.0,0.0,9.828339570245661e-23,0.0,0.0,0.0,0.0,0.0,0.0,0.0,0.0,0.0,0.0,0.0,0.0,0.0,2.08830192461848e-23,0.0,0.0,0.03738522925556293,0.0,0.0,0.0,5.277763816827084e-22,0.10000000000000007,0.10000000000000007,6.625211383331256e-23,0.0,0.0,0.0,0.0,0.0,0.0,0.0,0.10000000000000007,0.0,0.0,0.0,0.0,0.10000000000000007,0.0,0.0,0.0,0.0,0.0,0.0,0.0,0.0,0.0,0.0,2.104161989513631e-24,0.0,1.901159235703935e-22,0.0,2.192052815056448e-22,6.214194905856157e-23,0.0,1.3240706688292094e-22,0.0,0.0,0.06348177923365299,0.0,0.01819493733236675,0.0,0.0,0.10000000000000007,0.0,0.0,0.0,2.526724702736297e-22,1.2546528302925834e-22,0.0,1.5228549703976782e-23,0.0,0.0,0.0,0.0,0.0,3.155253897817972e-22,0.0,0.0,0.0,0.0,0.0,0.0,0.0,0.10000000000000007,0.0,0.0,0.0,0.0870156986959366,0.10000000000000007,5.179897741529728e-22,0.0,0.0,0.0,0.0,0.0,0.0,0.0,0.0,0.0,0.0,0.0,0.0,0.0,0.0,0.0,0.0,0.0,0.0,0.0,0.0,0.0,0.0,0.0,6.1688664861119875e-22,3.553455403959021e-22,0.0,0.0,0.0,0.0,0.09392235548248024,0.0,0.0,0.0,0.0,0.0,1.2792871077912757e-22,0.0,0.0,0.0,0.0,0.0,1.2588220812175215e-21,0.0,0.0,0.0,0.0,0.0,0.0,0.0
